rank,upper_bound_pct_current,effective_pass_min_pct,effective_pass_avg_pct,final_ratio_raw,final_raw_50,final_raw_100,final_raw_200,final_raw_500,payback_pass_count,payback_effective_pass_count,viability_class,block_bits,arity_cap,depth_bits,depth_schedule_bits,initial_literal_overhead_bits,rechunk_schedule,rechunk_channel,policy,refresh,delta,max_variants,max_expected_live_variants,max_optimistic_to_conservative_multiplier,working_variant_entries_proxy,equal_size,bloat_retained
1,1.659653538,0.526628592,0.526628594,1.096781512008,0.892661463983,0.685533481359,0.404308116952,0.082940044269,29,28,failed_audit_uncharged_passthrough,64,5,16,16,10,4,uncharged_diagnostic,greedy_largest_gain,no_refresh,16,16,16.000000000,1.018221241,296000000.000,False,True
2,1.659653538,0.526628572,0.526628574,1.146186086720,0.932871449724,0.716413385694,0.422520222807,0.086676123074,37,36,failed_audit_uncharged_passthrough,48,5,16,16,10,4,uncharged_diagnostic,greedy_largest_gain,no_refresh,16,16,16.000000000,1.018221241,231999999.967,False,True
3,1.659653538,0.526628537,0.526628540,1.244986642757,1.013284427119,0.778167823145,0.458941266727,0.094147630842,53,52,failed_audit_uncharged_passthrough,32,5,16,16,10,4,uncharged_diagnostic,greedy_largest_gain,no_refresh,16,16,16.000000000,1.018221241,167998840.341,False,True
4,1.659653538,0.526628507,0.526628510,1.342801926474,1.092895499491,0.839306424990,0.494999108407,0.101544631163,67,66,failed_audit_uncharged_passthrough,24,5,16,16,10,4,uncharged_diagnostic,greedy_largest_gain,no_refresh,16,16,16.000000000,1.018221241,135898545.838,False,True
5,1.659653538,0.169830346,0.169830346,1.136762758988,1.063849992617,0.977171637904,0.824426171154,0.495101816578,87,86,failed_audit_uncharged_passthrough,64,5,16,16,10,4,uncharged_diagnostic,left_to_right,no_refresh,16,16,16.000000000,1.018221241,296000000.000,False,True
6,1.659653538,0.526628458,0.526628462,1.538525843414,1.252193620629,0.961641975949,0.567149203319,0.116345691004,93,92,failed_audit_uncharged_passthrough,16,5,16,16,10,4,uncharged_diagnostic,greedy_largest_gain,no_refresh,16,16,16.000000000,1.018221241,103804549.639,False,True
7,1.659653538,0.169830346,0.169830346,1.187968288505,1.111771163299,1.021188378207,0.861562485049,0.517403700135,113,112,failed_audit_uncharged_passthrough,48,5,16,16,10,4,uncharged_diagnostic,left_to_right,no_refresh,16,16,16.000000000,1.018221241,231999999.967,False,True
8,1.659653538,0.528695390,0.528695398,1.868123313994,1.519218676709,1.165496621101,0.685950190294,0.139842548921,129,128,failed_audit_uncharged_passthrough,8,5,48,48,8,4,uncharged_diagnostic,greedy_largest_gain,no_refresh,16,16,16.000000000,1.024249332,63034364.639,True,True
9,1.659653538,0.528695390,0.528695398,1.868123313994,1.519218676709,1.165496621101,0.685950190294,0.139842548921,129,128,failed_audit_uncharged_passthrough,8,5,48,48,8,4,uncharged_diagnostic,greedy_largest_gain,no_refresh,32,16,16.000000000,1.024249332,63034364.639,True,True
10,1.659653538,0.528695390,0.528695398,1.868123313994,1.519218676709,1.165496621101,0.685950190294,0.139842548921,129,128,failed_audit_uncharged_passthrough,8,5,48,48,8,4,uncharged_diagnostic,greedy_largest_gain,no_refresh,64,16,16.000000000,1.024249332,63034364.639,True,True
11,1.659653538,0.528695390,0.528695398,1.868158547959,1.519247330111,1.165518603082,0.685963127726,0.139845186417,129,128,failed_audit_uncharged_passthrough,8,5,32,32,8,4,uncharged_diagnostic,greedy_largest_gain,no_refresh,64,16,16.000000000,1.024359816,63035553.507,True,True
12,1.659653538,0.528695390,0.528695398,1.868158547959,1.519247330111,1.165518603082,0.685963127726,0.139845186417,129,128,failed_audit_uncharged_passthrough,8,5,32,32,8,4,uncharged_diagnostic,greedy_largest_gain,no_refresh,32,16,16.000000000,1.024359816,63035553.507,True,True
13,1.659653538,0.528695390,0.528695398,1.868158547959,1.519247330111,1.165518603082,0.685963127726,0.139845186417,129,128,failed_audit_uncharged_passthrough,8,5,32,32,8,4,uncharged_diagnostic,greedy_largest_gain,no_refresh,16,16,16.000000000,1.024359816,63035553.507,True,True
14,1.659653538,0.527717183,0.527717191,1.868345637355,1.519982319278,1.166655968048,0.687308087683,0.140533365325,130,129,failed_audit_uncharged_passthrough,8,5,48,48,8,4,uncharged_diagnostic,greedy_largest_gain,no_refresh,16,16,16.000000000,1.024249332,63035667.048,False,True
15,1.659653538,0.527717183,0.527717191,1.868345637355,1.519982319278,1.166655968048,0.687308087683,0.140533365325,130,129,failed_audit_uncharged_passthrough,8,5,48,48,8,4,uncharged_diagnostic,greedy_largest_gain,no_refresh,32,16,16.000000000,1.024249332,63035667.048,False,True
16,1.659653538,0.527717183,0.527717191,1.868345637355,1.519982319278,1.166655968048,0.687308087683,0.140533365325,130,129,failed_audit_uncharged_passthrough,8,5,48,48,8,4,uncharged_diagnostic,greedy_largest_gain,no_refresh,64,16,16.000000000,1.024249332,63035667.048,False,True
17,1.659653538,0.527717183,0.527717191,1.868380874950,1.520010986626,1.166677971543,0.687321050519,0.140536015808,130,129,failed_audit_uncharged_passthrough,8,5,32,32,8,4,uncharged_diagnostic,greedy_largest_gain,no_refresh,32,16,16.000000000,1.024359816,63036855.920,False,True
18,1.659653538,0.527717183,0.527717191,1.868380874950,1.520010986626,1.166677971543,0.687321050519,0.140536015808,130,129,failed_audit_uncharged_passthrough,8,5,32,32,8,4,uncharged_diagnostic,greedy_largest_gain,no_refresh,16,16,16.000000000,1.024359816,63036855.920,False,True
19,1.659653538,0.527717183,0.527717191,1.868380874950,1.520010986626,1.166677971543,0.687321050519,0.140536015808,130,129,failed_audit_uncharged_passthrough,8,5,32,32,8,4,uncharged_diagnostic,greedy_largest_gain,no_refresh,64,16,16.000000000,1.024359816,63036855.920,False,True
20,1.659653538,0.528694698,0.528694706,1.874236412268,1.524190460626,1.169311223261,0.688195742964,0.140300632911,130,129,failed_audit_uncharged_passthrough,8,5,24,24,8,4,uncharged_diagnostic,greedy_largest_gain,no_refresh,16,16,16.000000000,1.024378535,63240628.885,True,True
21,1.659653538,0.528694698,0.528694706,1.874236412268,1.524190460626,1.169311223261,0.688195742964,0.140300632911,130,129,failed_audit_uncharged_passthrough,8,5,24,24,8,4,uncharged_diagnostic,greedy_largest_gain,no_refresh,64,16,16.000000000,1.024378535,63240628.885,True,True
22,1.659653538,0.528694698,0.528694706,1.874236412268,1.524190460626,1.169311223261,0.688195742964,0.140300632911,130,129,failed_audit_uncharged_passthrough,8,5,24,24,8,4,uncharged_diagnostic,greedy_largest_gain,no_refresh,32,16,16.000000000,1.024378535,63240628.885,True,True
23,1.659653538,0.527716479,0.527716487,1.874459339555,1.524956508555,1.170474299444,0.689558055086,0.140993710851,130,129,failed_audit_uncharged_passthrough,8,5,24,24,8,4,uncharged_diagnostic,greedy_largest_gain,no_refresh,16,16,16.000000000,1.024378535,63241931.313,False,True
24,1.659653538,0.527716479,0.527716487,1.874459339555,1.524956508555,1.170474299444,0.689558055086,0.140993710851,130,129,failed_audit_uncharged_passthrough,8,5,24,24,8,4,uncharged_diagnostic,greedy_largest_gain,no_refresh,64,16,16.000000000,1.024378535,63241931.313,False,True
25,1.659653538,0.527716479,0.527716487,1.874459339555,1.524956508555,1.170474299444,0.689558055086,0.140993710851,130,129,failed_audit_uncharged_passthrough,8,5,24,24,8,4,uncharged_diagnostic,greedy_largest_gain,no_refresh,32,16,16.000000000,1.024378535,63241931.313,False,True
26,1.659653538,0.527606627,0.527606635,1.879326292378,1.528981843808,1.173628732474,0.691492776885,0.141436150230,131,130,failed_audit_uncharged_passthrough,8,5,16,16,8,4,uncharged_diagnostic,greedy_largest_gain,no_refresh,16,16,16.000000000,1.024378535,63405436.035,True,True
27,1.659653538,0.527606627,0.527606635,1.879326292378,1.528981843808,1.173628732474,0.691492776885,0.141436150230,131,130,failed_audit_uncharged_passthrough,8,5,16,16,8,4,uncharged_diagnostic,greedy_largest_gain,no_refresh,64,16,16.000000000,1.024378535,63405436.035,True,True
28,1.659653538,0.527606627,0.527606635,1.879326292378,1.528981843808,1.173628732474,0.691492776885,0.141436150230,131,130,failed_audit_uncharged_passthrough,8,5,16,16,8,4,uncharged_diagnostic,greedy_largest_gain,no_refresh,32,16,16.000000000,1.024378535,63405436.035,True,True
29,1.659653538,0.526628325,0.526628333,1.879545931943,1.529747174286,1.174793745169,0.692860274922,0.142134593329,131,130,failed_audit_uncharged_passthrough,8,5,16,16,8,4,uncharged_diagnostic,greedy_largest_gain,no_refresh,32,16,16.000000000,1.024378535,63406610.065,False,True
30,1.659653538,0.526628325,0.526628333,1.879545931943,1.529747174286,1.174793745169,0.692860274922,0.142134593329,131,130,failed_audit_uncharged_passthrough,8,5,16,16,8,4,uncharged_diagnostic,greedy_largest_gain,no_refresh,16,16,16.000000000,1.024378535,63406610.065,False,True
31,1.659653538,0.526628325,0.526628333,1.879545931943,1.529747174286,1.174793745169,0.692860274922,0.142134593329,131,130,failed_audit_uncharged_passthrough,8,5,16,16,8,4,uncharged_diagnostic,greedy_largest_gain,no_refresh,64,16,16.000000000,1.024378535,63406610.065,False,True
32,1.659653538,0.528695428,0.528695435,2.098695458781,1.706727420646,1.309347376458,0.770613139101,0.157102403143,151,150,failed_audit_uncharged_passthrough,8,5,48,48,10,4,uncharged_diagnostic,greedy_largest_gain,no_refresh,64,16,16.000000000,1.024249332,70814348.451,True,True
33,1.659653538,0.528695428,0.528695435,2.098695458781,1.706727420646,1.309347376458,0.770613139101,0.157102403143,151,150,failed_audit_uncharged_passthrough,8,5,48,48,10,4,uncharged_diagnostic,greedy_largest_gain,no_refresh,32,16,16.000000000,1.024249332,70814348.451,True,True
34,1.659653538,0.528695428,0.528695435,2.098695458781,1.706727420646,1.309347376458,0.770613139101,0.157102403143,151,150,failed_audit_uncharged_passthrough,8,5,48,48,10,4,uncharged_diagnostic,greedy_largest_gain,no_refresh,16,16,16.000000000,1.024249332,70814348.451,True,True
35,1.659653538,0.528695428,0.528695435,2.098739061136,1.706762879495,1.309374579361,0.770629149291,0.157105667069,151,150,failed_audit_uncharged_passthrough,8,5,32,32,10,4,uncharged_diagnostic,greedy_largest_gain,no_refresh,64,16,16.000000000,1.024359816,70815819.685,True,True
36,1.659653538,0.528695428,0.528695435,2.098739061136,1.706762879495,1.309374579361,0.770629149291,0.157105667069,151,150,failed_audit_uncharged_passthrough,8,5,32,32,10,4,uncharged_diagnostic,greedy_largest_gain,no_refresh,16,16,16.000000000,1.024359816,70815819.685,True,True
37,1.659653538,0.528695428,0.528695435,2.098739061136,1.706762879495,1.309374579361,0.770629149291,0.157105667069,151,150,failed_audit_uncharged_passthrough,8,5,32,32,10,4,uncharged_diagnostic,greedy_largest_gain,no_refresh,32,16,16.000000000,1.024359816,70815819.685,True,True
38,1.659653538,0.527717220,0.527717228,2.098949085995,1.707588458747,1.310652227907,0.772140055716,0.157878773884,152,151,failed_audit_uncharged_passthrough,8,5,48,48,10,4,uncharged_diagnostic,greedy_largest_gain,no_refresh,64,16,16.000000000,1.024249332,70815941.964,False,True
39,1.659653538,0.527717220,0.527717228,2.098949085995,1.707588458747,1.310652227907,0.772140055716,0.157878773884,152,151,failed_audit_uncharged_passthrough,8,5,48,48,10,4,uncharged_diagnostic,greedy_largest_gain,no_refresh,32,16,16.000000000,1.024249332,70815941.964,False,True
40,1.659653538,0.527717220,0.527717228,2.098949085995,1.707588458747,1.310652227907,0.772140055716,0.157878773884,152,151,failed_audit_uncharged_passthrough,8,5,48,48,10,4,uncharged_diagnostic,greedy_largest_gain,no_refresh,16,16,16.000000000,1.024249332,70815941.964,False,True
41,1.659653538,0.527717220,0.527717228,2.098949085995,1.707588458747,1.310652227907,0.772140055716,0.157878773884,152,151,failed_audit_uncharged_passthrough,8,5,64,64,10,4,uncharged_diagnostic,greedy_largest_gain,no_refresh,16,16,16.000000000,1.024249332,70815941.964,False,True
42,1.659653538,0.527717220,0.527717228,2.098949085995,1.707588458747,1.310652227907,0.772140055716,0.157878773884,152,151,failed_audit_uncharged_passthrough,8,5,96,96,10,4,uncharged_diagnostic,greedy_largest_gain,no_refresh,16,16,16.000000000,1.024249332,70815941.964,False,True
43,1.659653538,0.527717220,0.527717228,2.098949085995,1.707588458747,1.310652227907,0.772140055716,0.157878773884,152,151,failed_audit_uncharged_passthrough,8,5,121,121,10,4,uncharged_diagnostic,greedy_largest_gain,no_refresh,16,16,16.000000000,1.024249332,70815941.964,False,True
44,1.659653538,0.527717220,0.527717228,2.098949085995,1.707588458747,1.310652227907,0.772140055716,0.157878773884,152,151,failed_audit_uncharged_passthrough,8,5,160,160,10,4,uncharged_diagnostic,greedy_largest_gain,no_refresh,16,16,16.000000000,1.024249332,70815941.964,False,True
45,1.659653538,0.527717220,0.527717228,2.098992692842,1.707623934853,1.310679457435,0.772156097344,0.157882053881,152,151,failed_audit_uncharged_passthrough,8,5,32,32,10,4,uncharged_diagnostic,greedy_largest_gain,no_refresh,64,16,16.000000000,1.024359816,70817413.205,False,True
46,1.659653538,0.527717220,0.527717228,2.098992692842,1.707623934853,1.310679457435,0.772156097344,0.157882053881,152,151,failed_audit_uncharged_passthrough,8,5,32,32,10,4,uncharged_diagnostic,greedy_largest_gain,no_refresh,16,16,16.000000000,1.024359816,70817413.205,False,True
47,1.659653538,0.527717220,0.527717228,2.098992692842,1.707623934853,1.310679457435,0.772156097344,0.157882053881,152,151,failed_audit_uncharged_passthrough,8,5,32,32,10,4,uncharged_diagnostic,greedy_largest_gain,no_refresh,32,16,16.000000000,1.024359816,70817413.205,False,True
48,1.659653538,0.527717220,0.527717228,2.098992692842,1.707623934853,1.310679457435,0.772156097344,0.157882053881,152,151,failed_audit_uncharged_passthrough,8,5,32,32 32,10,4,uncharged_diagnostic,greedy_largest_gain,no_refresh,16,16,16.000000000,1.024359816,70817413.205,False,True
49,1.659653538,0.527717220,0.527717228,2.098992692842,1.707623934853,1.310679457435,0.772156097344,0.157882053881,152,151,failed_audit_uncharged_passthrough,8,5,48,32 48,10,4,uncharged_diagnostic,greedy_largest_gain,no_refresh,16,16,16.000000000,1.024359816,70817413.205,False,True
50,1.659653538,0.527717220,0.527717228,2.098992692842,1.707623934853,1.310679457435,0.772156097344,0.157882053881,152,151,failed_audit_uncharged_passthrough,8,5,64,32 64,10,4,uncharged_diagnostic,greedy_largest_gain,no_refresh,16,16,16.000000000,1.024359816,70817413.205,False,True
51,1.659653538,0.527717220,0.527717228,2.098992692842,1.707623934853,1.310679457435,0.772156097344,0.157882053881,152,151,failed_audit_uncharged_passthrough,8,5,96,32 96,10,4,uncharged_diagnostic,greedy_largest_gain,no_refresh,16,16,16.000000000,1.024359816,70817413.205,False,True
52,1.659653538,0.527717220,0.527717228,2.098992692842,1.707623934853,1.310679457435,0.772156097344,0.157882053881,152,151,failed_audit_uncharged_passthrough,8,5,121,32 121,10,4,uncharged_diagnostic,greedy_largest_gain,no_refresh,16,16,16.000000000,1.024359816,70817413.205,False,True
53,1.659653538,0.527717220,0.527717228,2.098992692842,1.707623934853,1.310679457435,0.772156097344,0.157882053881,152,151,failed_audit_uncharged_passthrough,8,5,160,32 160,10,4,uncharged_diagnostic,greedy_largest_gain,no_refresh,16,16,16.000000000,1.024359816,70817413.205,False,True
54,1.659653538,0.527717220,0.527717228,2.098992692842,1.707623934853,1.310679457435,0.772156097344,0.157882053881,152,151,failed_audit_uncharged_passthrough,8,5,160,32 48 64 96 121 160,10,4,uncharged_diagnostic,greedy_largest_gain,no_refresh,16,16,16.000000000,1.024359816,70817413.205,False,True
55,1.659653538,0.527716516,0.527716523,2.098992841502,1.707624527465,1.310680376430,0.772157185622,0.157882611853,152,151,failed_audit_uncharged_passthrough,8,5,24,32 24,10,4,uncharged_diagnostic,greedy_largest_gain,no_refresh,16,16,16.000000000,1.024359816,70817413.205,False,True
56,1.659653538,0.528694736,0.528694743,2.106267043798,1.712885344547,1.314071997991,0.773394340424,0.157669723721,152,151,failed_audit_uncharged_passthrough,8,5,24,24,10,4,uncharged_diagnostic,greedy_largest_gain,no_refresh,16,16,16.000000000,1.024378535,71069824.528,True,True
57,1.659653538,0.528694736,0.528694743,2.106267043798,1.712885344547,1.314071997991,0.773394340424,0.157669723721,152,151,failed_audit_uncharged_passthrough,8,5,24,24,10,4,uncharged_diagnostic,greedy_largest_gain,no_refresh,32,16,16.000000000,1.024378535,71069824.528,True,True
58,1.659653538,0.528694736,0.528694743,2.106267043798,1.712885344547,1.314071997991,0.773394340424,0.157669723721,152,151,failed_audit_uncharged_passthrough,8,5,24,24,10,4,uncharged_diagnostic,greedy_largest_gain,no_refresh,64,16,16.000000000,1.024378535,71069824.528,True,True
59,1.659653538,0.526628361,0.526628368,2.099222467483,1.708540096522,1.312100588855,0.773839927032,0.158746790411,152,151,failed_audit_uncharged_passthrough,8,5,16,32 16,10,4,uncharged_diagnostic,greedy_largest_gain,no_refresh,16,16,16.000000000,1.024359816,70817413.205,False,True
60,1.659653538,0.527716517,0.527716524,2.106521418774,1.713749360880,1.315381466804,0.774926723047,0.158448894368,152,151,failed_audit_uncharged_passthrough,8,5,24,24,10,4,uncharged_diagnostic,greedy_largest_gain,no_refresh,32,16,16.000000000,1.024378535,71071418.065,False,True
61,1.659653538,0.527716517,0.527716524,2.106521418774,1.713749360880,1.315381466804,0.774926723047,0.158448894368,152,151,failed_audit_uncharged_passthrough,8,5,24,24,10,4,uncharged_diagnostic,greedy_largest_gain,no_refresh,64,16,16.000000000,1.024378535,71071418.065,False,True
62,1.659653538,0.527716517,0.527716524,2.106521418774,1.713749360880,1.315381466804,0.774926723047,0.158448894368,152,151,failed_audit_uncharged_passthrough,8,5,24,24,10,4,uncharged_diagnostic,greedy_largest_gain,no_refresh,16,16,16.000000000,1.024378535,71071418.065,False,True
63,1.659653538,0.527716532,0.527717159,2.112549790116,1.718653235139,1.319144947927,0.777143339509,0.158901784473,153,152,failed_audit_uncharged_passthrough,8,5,160,16 24 32 48 64 96 121 160,10,4,uncharged_diagnostic,greedy_largest_gain,no_refresh,16,16,16.000000000,1.024378535,71274812.381,False,True
64,1.659653538,0.527606664,0.527606671,2.112530724192,1.718712222493,1.319263535778,0.777299590239,0.158986734298,153,152,failed_audit_uncharged_passthrough,8,5,16,16,10,4,uncharged_diagnostic,greedy_largest_gain,no_refresh,16,16,16.000000000,1.024378535,71273377.456,True,True
65,1.659653538,0.527606664,0.527606671,2.112530724192,1.718712222493,1.319263535778,0.777299590239,0.158986734298,153,152,failed_audit_uncharged_passthrough,8,5,16,16,10,4,uncharged_diagnostic,greedy_largest_gain,no_refresh,32,16,16.000000000,1.024378535,71273377.456,True,True
66,1.659653538,0.527606664,0.527606671,2.112530724192,1.718712222493,1.319263535778,0.777299590239,0.158986734298,153,152,failed_audit_uncharged_passthrough,8,5,16,16,10,4,uncharged_diagnostic,greedy_largest_gain,no_refresh,64,16,16.000000000,1.024378535,71273377.456,True,True
67,1.659653538,0.526628363,0.526628370,2.112781033876,1.719575301993,1.320575248891,0.778838039311,0.159772105092,153,152,failed_audit_uncharged_passthrough,8,5,16,16,10,4,uncharged_diagnostic,greedy_largest_gain,no_refresh,16,16,16.000000000,1.024378535,71274812.381,False,True
68,1.659653538,0.526628363,0.526628370,2.112781033876,1.719575301993,1.320575248891,0.778838039311,0.159772105092,153,152,failed_audit_uncharged_passthrough,8,5,16,16,10,4,uncharged_diagnostic,greedy_largest_gain,no_refresh,32,16,16.000000000,1.024378535,71274812.381,False,True
69,1.659653538,0.526628363,0.526628370,2.112781033876,1.719575301993,1.320575248891,0.778838039311,0.159772105092,153,152,failed_audit_uncharged_passthrough,8,5,16,16,10,4,uncharged_diagnostic,greedy_largest_gain,no_refresh,64,16,16.000000000,1.024378535,71274812.381,False,True
70,1.632301391,0.519615244,0.519615251,2.114453331245,1.725674595019,1.329939076945,0.789909831035,0.165507068505,155,154,failed_audit_uncharged_passthrough,8,5,16,16,10,4,uncharged_diagnostic,greedy_largest_gain,no_refresh,16,8,8.000000000,1.020880867,35640478.332,False,True
71,1.612591553,0.513457116,0.513457123,2.116048959024,1.731151038983,1.338295337900,0.799808583101,0.170722194904,157,156,failed_audit_uncharged_passthrough,8,5,16,16,10,4,uncharged_diagnostic,greedy_largest_gain,no_refresh,8,16,4.812499996,1.015865138,21442876.983,False,True
72,1.591843549,0.508463038,0.508463044,2.117116083854,1.735418152560,1.344965547018,0.807839884271,0.175052882815,159,158,failed_audit_uncharged_passthrough,8,5,16,16,10,4,uncharged_diagnostic,greedy_largest_gain,no_refresh,8,4,4.000000000,1.015789991,17822690.240,False,True
73,1.564123137,0.501662065,0.501662071,2.118584890764,1.741257884706,1.354111504791,0.818911883371,0.181128551623,161,160,failed_audit_uncharged_passthrough,8,5,16,16,10,4,uncharged_diagnostic,greedy_largest_gain,no_refresh,8,3,3.000000000,1.015458182,13367151.177,False,True
74,1.659653538,0.169830346,0.169830346,1.290370440897,1.207605169299,1.109214202581,0.935828653382,0.562003588079,161,160,failed_audit_uncharged_passthrough,32,5,16,16,10,4,uncharged_diagnostic,left_to_right,no_refresh,16,16,16.000000000,1.018221241,167998840.341,False,True
75,1.514406421,0.488696876,0.488696882,2.121560813289,1.752587117872,1.371830047692,0.840507859737,0.193315889350,165,164,failed_audit_uncharged_passthrough,8,5,16,16,10,4,uncharged_diagnostic,greedy_largest_gain,no_refresh,8,2,2.000000000,1.012306773,8912331.706,False,True
76,1.424165797,0.463216650,0.463216655,2.127330238906,1.774987878246,1.407263767405,0.884577321724,0.219693808702,174,173,failed_audit_uncharged_passthrough,8,5,16,16,10,4,uncharged_diagnostic,greedy_largest_gain,no_refresh,4,16,1.234375000,1.008714032,4735412.641,False,True
77,1.379960643,0.445928842,0.445928847,2.132505344991,1.791398050164,1.432660715731,0.916317377249,0.239747798899,181,180,failed_audit_uncharged_passthrough,8,5,16,16,10,4,uncharged_diagnostic,greedy_largest_gain,no_refresh,0,1,1.000000000,1.000000000,4459948.839,False,False
78,1.379960643,0.445928842,0.445928847,2.132505344991,1.791398050164,1.432660715731,0.916317377249,0.239747798899,181,180,failed_audit_uncharged_passthrough,8,5,16,16,10,4,uncharged_diagnostic,greedy_largest_gain,no_refresh,1,2,1.000000000,1.000000000,4459948.839,False,False
79,1.379960643,0.445928842,0.445928847,2.132505344991,1.791398050164,1.432660715731,0.916317377249,0.239747798899,181,180,failed_audit_uncharged_passthrough,8,5,16,16,10,4,uncharged_diagnostic,greedy_largest_gain,no_refresh,2,2,1.000000000,1.000000000,4459948.839,False,False
80,0.926525460,0.407216359,0.407216363,2.138281792051,1.823693777295,1.487118194707,0.988855124091,0.290733329835,198,197,failed_audit_uncharged_passthrough,8,4,16,16,10,4,uncharged_diagnostic,greedy_largest_gain,no_refresh,16,16,16.000000000,1.015002662,71274832.379,False,True
81,1.659653538,0.169830346,0.169830346,1.391751404800,1.302483486562,1.196362204014,1.009354214663,0.606158711035,206,205,failed_audit_uncharged_passthrough,24,5,16,16,10,4,uncharged_diagnostic,left_to_right,no_refresh,16,16,16.000000000,1.018221241,135898545.859,False,True
82,1.659653538,0.169830346,0.169830346,1.594624316813,1.492343986689,1.370753609918,1.156485827447,0.694517294634,286,285,failed_audit_uncharged_passthrough,16,5,16,16,10,4,uncharged_diagnostic,left_to_right,no_refresh,16,16,16.000000000,1.018221241,103805476.131,False,True
83,1.659653538,0.170360387,0.170360387,1.952731873729,1.827103897128,1.677793119506,1.414779438048,0.848280981080,404,403,failed_audit_uncharged_passthrough,8,5,48,48,8,4,uncharged_diagnostic,left_to_right,no_refresh,16,16,16.000000000,1.024249332,63562000.947,True,True
84,1.659653538,0.170360387,0.170360387,1.952731873729,1.827103897128,1.677793119506,1.414779438048,0.848280981080,404,403,failed_audit_uncharged_passthrough,8,5,48,48,8,4,uncharged_diagnostic,left_to_right,no_refresh,32,16,16.000000000,1.024249332,63562000.947,True,True
85,1.659653538,0.170360387,0.170360387,1.952731873729,1.827103897128,1.677793119506,1.414779438048,0.848280981080,404,403,failed_audit_uncharged_passthrough,8,5,48,48,8,4,uncharged_diagnostic,left_to_right,no_refresh,64,16,16.000000000,1.024249332,63562000.947,True,True
86,1.659653538,0.170360387,0.170360387,1.952739632007,1.827111156282,1.677799785442,1.414785059021,0.848284351332,404,403,failed_audit_uncharged_passthrough,8,5,32,32,8,4,uncharged_diagnostic,left_to_right,no_refresh,64,16,16.000000000,1.024359816,63562253.481,True,True
87,1.659653538,0.170360387,0.170360387,1.952739632007,1.827111156282,1.677799785442,1.414785059021,0.848284351332,404,403,failed_audit_uncharged_passthrough,8,5,32,32,8,4,uncharged_diagnostic,left_to_right,no_refresh,32,16,16.000000000,1.024359816,63562253.481,True,True
88,1.659653538,0.170360387,0.170360387,1.952739632007,1.827111156282,1.677799785442,1.414785059021,0.848284351332,404,403,failed_audit_uncharged_passthrough,8,5,32,32,8,4,uncharged_diagnostic,left_to_right,no_refresh,16,16,16.000000000,1.024359816,63562253.481,True,True
89,1.659653538,0.170360246,0.170360246,1.954009118881,1.828299072331,1.678890743932,1.415705197438,0.848836413330,404,403,failed_audit_uncharged_passthrough,8,5,24,24,8,4,uncharged_diagnostic,left_to_right,no_refresh,16,16,16.000000000,1.024378535,63603574.755,True,True
90,1.659653538,0.170360246,0.170360246,1.954009118881,1.828299072331,1.678890743932,1.415705197438,0.848836413330,404,403,failed_audit_uncharged_passthrough,8,5,24,24,8,4,uncharged_diagnostic,left_to_right,no_refresh,64,16,16.000000000,1.024378535,63603574.755,True,True
91,1.659653538,0.170360246,0.170360246,1.954009118881,1.828299072331,1.678890743932,1.415705197438,0.848836413330,404,403,failed_audit_uncharged_passthrough,8,5,24,24,8,4,uncharged_diagnostic,left_to_right,no_refresh,32,16,16.000000000,1.024378535,63603574.755,True,True
92,1.659653538,0.170070079,0.170070079,1.952807312267,1.827381720224,1.678292247928,1.415611927504,0.849520937684,405,404,failed_audit_uncharged_passthrough,8,5,48,48,8,4,uncharged_diagnostic,left_to_right,no_refresh,16,16,16.000000000,1.024249332,63562608.043,False,True
93,1.659653538,0.170070079,0.170070079,1.952807312267,1.827381720224,1.678292247928,1.415611927504,0.849520937684,405,404,failed_audit_uncharged_passthrough,8,5,48,48,8,4,uncharged_diagnostic,left_to_right,no_refresh,32,16,16.000000000,1.024249332,63562608.043,False,True
94,1.659653538,0.170070079,0.170070079,1.952807312267,1.827381720224,1.678292247928,1.415611927504,0.849520937684,405,404,failed_audit_uncharged_passthrough,8,5,48,48,8,4,uncharged_diagnostic,left_to_right,no_refresh,64,16,16.000000000,1.024249332,63562608.043,False,True
95,1.659653538,0.170070079,0.170070079,1.952815070803,1.827388980443,1.678298915811,1.415617551754,0.849524312845,405,404,failed_audit_uncharged_passthrough,8,5,32,32,8,4,uncharged_diagnostic,left_to_right,no_refresh,32,16,16.000000000,1.024359816,63562860.579,False,True
96,1.659653538,0.170070079,0.170070079,1.952815070803,1.827388980443,1.678298915811,1.415617551754,0.849524312845,405,404,failed_audit_uncharged_passthrough,8,5,32,32,8,4,uncharged_diagnostic,left_to_right,no_refresh,16,16,16.000000000,1.024359816,63562860.579,False,True
97,1.659653538,0.170070079,0.170070079,1.952815070803,1.827388980443,1.678298915811,1.415617551754,0.849524312845,405,404,failed_audit_uncharged_passthrough,8,5,32,32,8,4,uncharged_diagnostic,left_to_right,no_refresh,64,16,16.000000000,1.024359816,63562860.579,False,True
98,1.659653538,0.170069935,0.170069935,1.954084595123,1.828577067927,1.679390192357,1.416538229416,0.850077186420,405,404,failed_audit_uncharged_passthrough,8,5,24,24,8,4,uncharged_diagnostic,left_to_right,no_refresh,16,16,16.000000000,1.024378535,63604181.854,False,True
99,1.659653538,0.170069935,0.170069935,1.954084595123,1.828577067927,1.679390192357,1.416538229416,0.850077186420,405,404,failed_audit_uncharged_passthrough,8,5,24,24,8,4,uncharged_diagnostic,left_to_right,no_refresh,64,16,16.000000000,1.024378535,63604181.854,False,True
100,1.659653538,0.170069935,0.170069935,1.954084595123,1.828577067927,1.679390192357,1.416538229416,0.850077186420,405,404,failed_audit_uncharged_passthrough,8,5,24,24,8,4,uncharged_diagnostic,left_to_right,no_refresh,32,16,16.000000000,1.024378535,63604181.854,False,True
101,1.659653538,0.170120673,0.170120673,1.955338891759,1.829714535220,1.680392154958,1.417311332835,0.850411458066,405,404,failed_audit_uncharged_passthrough,8,5,16,16,8,4,uncharged_diagnostic,left_to_right,no_refresh,16,16,16.000000000,1.024378535,63645331.866,True,True
102,1.659653538,0.170120673,0.170120673,1.955338891759,1.829714535220,1.680392154958,1.417311332835,0.850411458066,405,404,failed_audit_uncharged_passthrough,8,5,16,16,8,4,uncharged_diagnostic,left_to_right,no_refresh,64,16,16.000000000,1.024378535,63645331.866,True,True
103,1.659653538,0.170120673,0.170120673,1.955338891759,1.829714535220,1.680392154958,1.417311332835,0.850411458066,405,404,failed_audit_uncharged_passthrough,8,5,16,16,8,4,uncharged_diagnostic,left_to_right,no_refresh,32,16,16.000000000,1.024378535,63645331.866,True,True
104,1.659653538,0.169830346,0.169830346,1.955413417681,1.829991819766,1.680891212373,1.418144625354,0.851654162313,406,405,failed_audit_uncharged_passthrough,8,5,16,16,8,4,uncharged_diagnostic,left_to_right,no_refresh,32,16,16.000000000,1.024378535,63645906.661,False,True
105,1.659653538,0.169830346,0.169830346,1.955413417681,1.829991819766,1.680891212373,1.418144625354,0.851654162313,406,405,failed_audit_uncharged_passthrough,8,5,16,16,8,4,uncharged_diagnostic,left_to_right,no_refresh,16,16,16.000000000,1.024378535,63645906.661,False,True
106,1.659653538,0.169830346,0.169830346,1.955413417681,1.829991819766,1.680891212373,1.418144625354,0.851654162313,406,405,failed_audit_uncharged_passthrough,8,5,16,16,8,4,uncharged_diagnostic,left_to_right,no_refresh,64,16,16.000000000,1.024378535,63645906.661,False,True
107,1.659653538,0.170360387,0.170360387,2.195478342217,2.054233399420,1.886361617871,1.590652386555,0.953731819064,473,472,failed_audit_uncharged_passthrough,8,5,48,48,10,4,uncharged_diagnostic,left_to_right,no_refresh,64,16,16.000000000,1.024249332,71463470.405,True,True
108,1.659653538,0.170360387,0.170360387,2.195478342217,2.054233399420,1.886361617871,1.590652386555,0.953731819064,473,472,failed_audit_uncharged_passthrough,8,5,48,48,10,4,uncharged_diagnostic,left_to_right,no_refresh,32,16,16.000000000,1.024249332,71463470.405,True,True
109,1.659653538,0.170360387,0.170360387,2.195478342217,2.054233399420,1.886361617871,1.590652386555,0.953731819064,473,472,failed_audit_uncharged_passthrough,8,5,48,48,10,4,uncharged_diagnostic,left_to_right,no_refresh,16,16,16.000000000,1.024249332,71463470.405,True,True
110,1.659653538,0.170360387,0.170360387,2.195487942316,2.054242381901,1.886369866305,1.590659341950,0.953735989416,473,472,failed_audit_uncharged_passthrough,8,5,32,32,10,4,uncharged_diagnostic,left_to_right,no_refresh,64,16,16.000000000,1.024359816,71463782.891,True,True
111,1.659653538,0.170360387,0.170360387,2.195487942316,2.054242381901,1.886369866305,1.590659341950,0.953735989416,473,472,failed_audit_uncharged_passthrough,8,5,32,32,10,4,uncharged_diagnostic,left_to_right,no_refresh,16,16,16.000000000,1.024359816,71463782.891,True,True
112,1.659653538,0.170360387,0.170360387,2.195487942316,2.054242381901,1.886369866305,1.590659341950,0.953735989416,473,472,failed_audit_uncharged_passthrough,8,5,32,32,10,4,uncharged_diagnostic,left_to_right,no_refresh,32,16,16.000000000,1.024359816,71463782.891,True,True
113,1.659653538,0.170360246,0.170360246,2.197060281501,2.055713678975,1.887721062728,1.591798947892,0.954419685763,473,472,failed_audit_uncharged_passthrough,8,5,24,24,10,4,uncharged_diagnostic,left_to_right,no_refresh,16,16,16.000000000,1.024378535,71514961.985,True,True
114,1.659653538,0.170360246,0.170360246,2.197060281501,2.055713678975,1.887721062728,1.591798947892,0.954419685763,473,472,failed_audit_uncharged_passthrough,8,5,24,24,10,4,uncharged_diagnostic,left_to_right,no_refresh,32,16,16.000000000,1.024378535,71514961.985,True,True
115,1.659653538,0.170360246,0.170360246,2.197060281501,2.055713678975,1.887721062728,1.591798947892,0.954419685763,473,472,failed_audit_uncharged_passthrough,8,5,24,24,10,4,uncharged_diagnostic,left_to_right,no_refresh,64,16,16.000000000,1.024378535,71514961.985,True,True
116,1.659653538,0.170070079,0.170070079,2.195564997810,2.054547480112,1.886924374207,1.591589697041,0.955126716276,474,473,failed_audit_uncharged_passthrough,8,5,48,48,10,4,uncharged_diagnostic,left_to_right,no_refresh,64,16,16.000000000,1.024249332,71464212.835,False,True
117,1.659653538,0.170070079,0.170070079,2.195564997810,2.054547480112,1.886924374207,1.591589697041,0.955126716276,474,473,failed_audit_uncharged_passthrough,8,5,48,48,10,4,uncharged_diagnostic,left_to_right,no_refresh,32,16,16.000000000,1.024249332,71464212.835,False,True
118,1.659653538,0.170070079,0.170070079,2.195564997810,2.054547480112,1.886924374207,1.591589697041,0.955126716276,474,473,failed_audit_uncharged_passthrough,8,5,48,48,10,4,uncharged_diagnostic,left_to_right,no_refresh,16,16,16.000000000,1.024249332,71464212.835,False,True
119,1.659653538,0.170070079,0.170070079,2.195564997810,2.054547480112,1.886924374207,1.591589697041,0.955126716276,474,473,failed_audit_uncharged_passthrough,8,5,64,64,10,4,uncharged_diagnostic,left_to_right,no_refresh,16,16,16.000000000,1.024249332,71464212.835,False,True
120,1.659653538,0.170070079,0.170070079,2.195564997810,2.054547480112,1.886924374207,1.591589697041,0.955126716276,474,473,failed_audit_uncharged_passthrough,8,5,96,96,10,4,uncharged_diagnostic,left_to_right,no_refresh,16,16,16.000000000,1.024249332,71464212.835,False,True
121,1.659653538,0.170070079,0.170070079,2.195564997810,2.054547480112,1.886924374207,1.591589697041,0.955126716276,474,473,failed_audit_uncharged_passthrough,8,5,121,121,10,4,uncharged_diagnostic,left_to_right,no_refresh,16,16,16.000000000,1.024249332,71464212.835,False,True
122,1.659653538,0.170070079,0.170070079,2.195564997810,2.054547480112,1.886924374207,1.591589697041,0.955126716276,474,473,failed_audit_uncharged_passthrough,8,5,160,160,10,4,uncharged_diagnostic,left_to_right,no_refresh,16,16,16.000000000,1.024249332,71464212.835,False,True
123,1.659653538,0.170070079,0.170070079,2.195574598227,2.054556463911,1.886932625050,1.591596656491,0.955130892702,474,473,failed_audit_uncharged_passthrough,8,5,32,32,10,4,uncharged_diagnostic,left_to_right,no_refresh,64,16,16.000000000,1.024359816,71464525.322,False,True
124,1.659653538,0.170070079,0.170070079,2.195574598227,2.054556463911,1.886932625050,1.591596656491,0.955130892702,474,473,failed_audit_uncharged_passthrough,8,5,32,32,10,4,uncharged_diagnostic,left_to_right,no_refresh,16,16,16.000000000,1.024359816,71464525.322,False,True
125,1.659653538,0.170070079,0.170070079,2.195574598227,2.054556463911,1.886932625050,1.591596656491,0.955130892702,474,473,failed_audit_uncharged_passthrough,8,5,32,32,10,4,uncharged_diagnostic,left_to_right,no_refresh,32,16,16.000000000,1.024359816,71464525.322,False,True
126,1.659653538,0.170070079,0.170070079,2.195574598227,2.054556463911,1.886932625050,1.591596656491,0.955130892702,474,473,failed_audit_uncharged_passthrough,8,5,32,32 32,10,4,uncharged_diagnostic,left_to_right,no_refresh,16,16,16.000000000,1.024359816,71464525.322,False,True
127,1.659653538,0.170070079,0.170070079,2.195574598227,2.054556463911,1.886932625050,1.591596656491,0.955130892702,474,473,failed_audit_uncharged_passthrough,8,5,48,32 48,10,4,uncharged_diagnostic,left_to_right,no_refresh,16,16,16.000000000,1.024359816,71464525.322,False,True
128,1.659653538,0.170070079,0.170070079,2.195574598227,2.054556463911,1.886932625050,1.591596656491,0.955130892702,474,473,failed_audit_uncharged_passthrough,8,5,64,32 64,10,4,uncharged_diagnostic,left_to_right,no_refresh,16,16,16.000000000,1.024359816,71464525.322,False,True
129,1.659653538,0.170070079,0.170070079,2.195574598227,2.054556463911,1.886932625050,1.591596656491,0.955130892702,474,473,failed_audit_uncharged_passthrough,8,5,96,32 96,10,4,uncharged_diagnostic,left_to_right,no_refresh,16,16,16.000000000,1.024359816,71464525.322,False,True
130,1.659653538,0.170070079,0.170070079,2.195574598227,2.054556463911,1.886932625050,1.591596656491,0.955130892702,474,473,failed_audit_uncharged_passthrough,8,5,121,32 121,10,4,uncharged_diagnostic,left_to_right,no_refresh,16,16,16.000000000,1.024359816,71464525.322,False,True
131,1.659653538,0.170070079,0.170070079,2.195574598227,2.054556463911,1.886932625050,1.591596656491,0.955130892702,474,473,failed_audit_uncharged_passthrough,8,5,160,32 160,10,4,uncharged_diagnostic,left_to_right,no_refresh,16,16,16.000000000,1.024359816,71464525.322,False,True
132,1.659653538,0.170070079,0.170070079,2.195574598227,2.054556463911,1.886932625050,1.591596656491,0.955130892702,474,473,failed_audit_uncharged_passthrough,8,5,160,32 48 64 96 121 160,10,4,uncharged_diagnostic,left_to_right,no_refresh,16,16,16.000000000,1.024359816,71464525.322,False,True
133,1.659653538,0.170069935,0.170069935,2.195574629820,2.054556608773,1.886932893853,1.591597112243,0.955131578516,474,473,failed_audit_uncharged_passthrough,8,5,24,32 24,10,4,uncharged_diagnostic,left_to_right,no_refresh,16,16,16.000000000,1.024359816,71464525.322,False,True
134,1.659653538,0.169830346,0.169830346,2.195627323651,2.054798236120,1.887381277330,1.592357432020,0.956276116430,474,473,failed_audit_uncharged_passthrough,8,5,16,32 16,10,4,uncharged_diagnostic,left_to_right,no_refresh,16,16,16.000000000,1.024359816,71464525.322,False,True
135,1.659653538,0.170069935,0.170069935,2.197146983740,2.056027973078,1.888284214957,1.592736929549,0.955815593015,474,473,failed_audit_uncharged_passthrough,8,5,24,24,10,4,uncharged_diagnostic,left_to_right,no_refresh,32,16,16.000000000,1.024378535,71515704.419,False,True
136,1.659653538,0.170069935,0.170069935,2.197146983740,2.056027973078,1.888284214957,1.592736929549,0.955815593015,474,473,failed_audit_uncharged_passthrough,8,5,24,24,10,4,uncharged_diagnostic,left_to_right,no_refresh,64,16,16.000000000,1.024378535,71515704.419,False,True
137,1.659653538,0.170069935,0.170069935,2.197146983740,2.056027973078,1.888284214957,1.592736929549,0.955815593015,474,473,failed_audit_uncharged_passthrough,8,5,24,24,10,4,uncharged_diagnostic,left_to_right,no_refresh,16,16,16.000000000,1.024378535,71515704.419,False,True
138,1.659653538,0.170120673,0.170120673,2.198697405683,2.057438032193,1.889531214874,1.593707752494,0.956252378804,474,473,failed_audit_uncharged_passthrough,8,5,16,16,10,4,uncharged_diagnostic,left_to_right,no_refresh,16,16,16.000000000,1.024378535,71566533.375,True,True
139,1.659653538,0.170120673,0.170120673,2.198697405683,2.057438032193,1.889531214874,1.593707752494,0.956252378804,474,473,failed_audit_uncharged_passthrough,8,5,16,16,10,4,uncharged_diagnostic,left_to_right,no_refresh,32,16,16.000000000,1.024378535,71566533.375,True,True
140,1.659653538,0.170120673,0.170120673,2.198697405683,2.057438032193,1.889531214874,1.593707752494,0.956252378804,474,473,failed_audit_uncharged_passthrough,8,5,16,16,10,4,uncharged_diagnostic,left_to_right,no_refresh,64,16,16.000000000,1.024378535,71566533.375,True,True
141,1.659653538,0.170069935,0.170070064,2.198730135421,2.057509326156,1.889644573934,1.593884140802,0.956503631784,474,473,failed_audit_uncharged_passthrough,8,5,160,16 24 32 48 64 96 121 160,10,4,uncharged_diagnostic,left_to_right,no_refresh,16,16,16.000000000,1.024378535,71567235.903,False,True
142,1.659653538,0.169830346,0.169830346,2.198782933459,2.057751442886,1.890093868308,1.594646007443,0.957650500079,475,474,failed_audit_uncharged_passthrough,8,5,16,16,10,4,uncharged_diagnostic,left_to_right,no_refresh,16,16,16.000000000,1.024378535,71567235.903,False,True
143,1.659653538,0.169830346,0.169830346,2.198782933459,2.057751442886,1.890093868308,1.594646007443,0.957650500079,475,474,failed_audit_uncharged_passthrough,8,5,16,16,10,4,uncharged_diagnostic,left_to_right,no_refresh,32,16,16.000000000,1.024378535,71567235.903,False,True
144,1.659653538,0.169830346,0.169830346,2.198782933459,2.057751442886,1.890093868308,1.594646007443,0.957650500079,475,474,failed_audit_uncharged_passthrough,8,5,16,16,10,4,uncharged_diagnostic,left_to_right,no_refresh,64,16,16.000000000,1.024378535,71567235.903,False,True
145,1.632301391,0.167659964,0.167659964,2.199369836161,2.060046632349,1.894260044047,1.601639213754,0.968144042014,481,480,failed_audit_uncharged_passthrough,8,5,16,16,10,4,uncharged_diagnostic,left_to_right,no_refresh,16,8,8.000000000,1.020880867,35785388.604,False,True
146,1.612591553,0.165673550,0.165673550,2.199978389263,2.062216284407,1.898142546190,1.608118497995,0.977880349063,487,486,failed_audit_uncharged_passthrough,8,5,16,16,10,4,uncharged_diagnostic,left_to_right,no_refresh,8,16,4.812499996,1.015865138,21528820.169,False,True
147,1.591843549,0.164193778,0.164193778,2.200307270667,2.063717187772,1.900932309220,1.612870855346,0.985141059513,491,490,failed_audit_uncharged_passthrough,8,5,16,16,10,4,uncharged_diagnostic,left_to_right,no_refresh,8,4,4.000000000,1.015789991,17894106.864,False,True
148,1.564123137,0.162171855,0.162171855,2.200765480694,2.065777940757,1.904758319823,1.619393406079,0.995152935951,498,497,failed_audit_uncharged_passthrough,8,5,16,16,10,4,uncharged_diagnostic,left_to_right,no_refresh,8,3,3.000000000,1.015458182,13420656.695,False,True
149,1.514406421,0.158236759,0.158236759,2.201759600314,2.069890372329,1.912315101100,1.632238715095,1.014977313237,,,failed_audit_uncharged_passthrough,8,5,16,16,10,4,uncharged_diagnostic,left_to_right,no_refresh,8,2,2.000000000,1.012306773,8947618.690,False,True
150,1.424165797,0.150561190,0.150561190,2.203644560516,2.077882809968,1.927092078531,1.657544887151,1.054760345910,,,failed_audit_uncharged_passthrough,8,5,16,16,10,4,uncharged_diagnostic,left_to_right,no_refresh,4,16,1.234375000,1.008714032,4753836.020,False,True
151,0.926525460,0.145717574,0.145717574,2.204099727540,2.082247499857,1.935829499682,1.673156683128,1.080301897238,,,failed_audit_uncharged_passthrough,8,4,16,16,10,4,uncharged_diagnostic,left_to_right,no_refresh,16,16,16.000000000,1.015002662,71567239.902,False,True
152,1.379960643,0.144848932,0.144848932,2.205770239217,2.084532743560,1.938797153027,1.677180009126,1.085729377522,,,failed_audit_uncharged_passthrough,8,5,16,16,10,4,uncharged_diagnostic,left_to_right,no_refresh,0,1,1.000000000,1.000000000,4475953.212,False,False
153,1.379960643,0.144848932,0.144848932,2.205770239217,2.084532743560,1.938797153027,1.677180009126,1.085729377522,,,failed_audit_uncharged_passthrough,8,5,16,16,10,4,uncharged_diagnostic,left_to_right,no_refresh,1,2,1.000000000,1.000000000,4475953.212,False,False
154,1.379960643,0.144848932,0.144848932,2.205770239217,2.084532743560,1.938797153027,1.677180009126,1.085729377522,,,failed_audit_uncharged_passthrough,8,5,16,16,10,4,uncharged_diagnostic,left_to_right,no_refresh,2,2,1.000000000,1.000000000,4475953.212,False,False
155,1.659653538,0.530397363,0.530397365,1.096366042650,0.891005766763,0.682966925548,0.401271218057,0.081386706097,29,28,failed_audit_uncharged_passthrough,64,5,16,16,10,4,uncharged_diagnostic,oracle_weighted_interval,no_refresh,16,16,16.000000000,1.018221241,296000000.000,False,True
156,1.659653538,0.530397343,0.530397345,1.145751902561,0.931141171697,0.713731219511,0.419346527025,0.085052815120,37,36,failed_audit_uncharged_passthrough,48,5,16,16,10,4,uncharged_diagnostic,oracle_weighted_interval,no_refresh,16,16,16.000000000,1.018221241,231999999.967,False,True
157,1.659653538,0.530397307,0.530397310,1.244515032251,1.011405000450,0.775254456328,0.455494000962,0.092384395495,53,52,failed_audit_uncharged_passthrough,32,5,16,16,10,4,uncharged_diagnostic,oracle_weighted_interval,no_refresh,16,16,16.000000000,1.018221241,167998840.341,False,True
158,1.659653538,0.530397276,0.530397280,1.342293262851,1.090868411544,0.836164163155,0.491281000800,0.099642863834,67,66,failed_audit_uncharged_passthrough,24,5,16,16,10,4,uncharged_diagnostic,oracle_weighted_interval,no_refresh,16,16,16.000000000,1.018221241,135898545.838,False,True
159,1.659653538,0.530397226,0.530397231,1.537943037756,1.249871068849,0.958041705359,0.562889153390,0.114166727470,92,91,failed_audit_uncharged_passthrough,16,5,16,16,10,4,uncharged_diagnostic,oracle_weighted_interval,no_refresh,16,16,16.000000000,1.018221241,103804549.609,False,True
160,1.659653538,0.532498481,0.532498489,1.867311522059,1.516295840322,1.161032659430,0.680715330255,0.137192684094,128,127,failed_audit_uncharged_passthrough,8,5,48,48,8,4,uncharged_diagnostic,oracle_weighted_interval,no_refresh,16,16,16.000000000,1.024249332,63031067.643,True,True
161,1.659653538,0.532498481,0.532498489,1.867311522059,1.516295840322,1.161032659430,0.680715330255,0.137192684094,128,127,failed_audit_uncharged_passthrough,8,5,48,48,8,4,uncharged_diagnostic,oracle_weighted_interval,no_refresh,32,16,16.000000000,1.024249332,63031067.643,True,True
162,1.659653538,0.532498481,0.532498489,1.867311522059,1.516295840322,1.161032659430,0.680715330255,0.137192684094,128,127,failed_audit_uncharged_passthrough,8,5,48,48,8,4,uncharged_diagnostic,oracle_weighted_interval,no_refresh,64,16,16.000000000,1.024249332,63031067.643,True,True
163,1.659653538,0.532498481,0.532498489,1.867347073461,1.516324708796,1.161054764109,0.680728290254,0.137195296058,128,127,failed_audit_uncharged_passthrough,8,5,32,32,8,4,uncharged_diagnostic,oracle_weighted_interval,no_refresh,64,16,16.000000000,1.024359816,63032267.680,True,True
164,1.659653538,0.532498481,0.532498489,1.867347073461,1.516324708796,1.161054764109,0.680728290254,0.137195296058,128,127,failed_audit_uncharged_passthrough,8,5,32,32,8,4,uncharged_diagnostic,oracle_weighted_interval,no_refresh,32,16,16.000000000,1.024359816,63032267.680,True,True
165,1.659653538,0.532498481,0.532498489,1.867347073461,1.516324708796,1.161054764109,0.680728290254,0.137195296058,128,127,failed_audit_uncharged_passthrough,8,5,32,32,8,4,uncharged_diagnostic,oracle_weighted_interval,no_refresh,16,16,16.000000000,1.024359816,63032267.680,True,True
166,1.659653538,0.531505107,0.531505115,1.867536926520,1.517069638776,1.162205354053,0.682083730048,0.137880950238,129,128,failed_audit_uncharged_passthrough,8,5,48,48,8,4,uncharged_diagnostic,oracle_weighted_interval,no_refresh,16,16,16.000000000,1.024249332,63032380.888,False,True
167,1.659653538,0.531505107,0.531505115,1.867536926520,1.517069638776,1.162205354053,0.682083730048,0.137880950238,129,128,failed_audit_uncharged_passthrough,8,5,48,48,8,4,uncharged_diagnostic,oracle_weighted_interval,no_refresh,32,16,16.000000000,1.024249332,63032380.888,False,True
168,1.659653538,0.531505107,0.531505115,1.867536926520,1.517069638776,1.162205354053,0.682083730048,0.137880950238,129,128,failed_audit_uncharged_passthrough,8,5,48,48,8,4,uncharged_diagnostic,oracle_weighted_interval,no_refresh,64,16,16.000000000,1.024249332,63032380.888,False,True
169,1.659653538,0.531505107,0.531505115,1.867572481597,1.517098521481,1.162227480676,0.682096715875,0.137883575260,129,128,failed_audit_uncharged_passthrough,8,5,32,32,8,4,uncharged_diagnostic,oracle_weighted_interval,no_refresh,32,16,16.000000000,1.024359816,63033580.929,False,True
170,1.659653538,0.531505107,0.531505115,1.867572481597,1.517098521481,1.162227480676,0.682096715875,0.137883575260,129,128,failed_audit_uncharged_passthrough,8,5,32,32,8,4,uncharged_diagnostic,oracle_weighted_interval,no_refresh,16,16,16.000000000,1.024359816,63033580.929,False,True
171,1.659653538,0.531505107,0.531505115,1.867572481597,1.517098521481,1.162227480676,0.682096715875,0.137883575260,129,128,failed_audit_uncharged_passthrough,8,5,32,32,8,4,uncharged_diagnostic,oracle_weighted_interval,no_refresh,64,16,16.000000000,1.024359816,63033580.929,False,True
172,1.659653538,0.532497775,0.532497784,1.873453375116,1.521283573637,1.164852195884,0.682955214185,0.137644404755,129,128,failed_audit_uncharged_passthrough,8,5,24,24,8,4,uncharged_diagnostic,oracle_weighted_interval,no_refresh,16,16,16.000000000,1.024378535,63238381.299,True,True
173,1.659653538,0.532497775,0.532497784,1.873453375116,1.521283573637,1.164852195884,0.682955214185,0.137644404755,129,128,failed_audit_uncharged_passthrough,8,5,24,24,8,4,uncharged_diagnostic,oracle_weighted_interval,no_refresh,64,16,16.000000000,1.024378535,63238381.299,True,True
174,1.659653538,0.532497775,0.532497784,1.873453375116,1.521283573637,1.164852195884,0.682955214185,0.137644404755,129,128,failed_audit_uncharged_passthrough,8,5,24,24,8,4,uncharged_diagnostic,oracle_weighted_interval,no_refresh,32,16,16.000000000,1.024378535,63238381.299,True,True
175,1.659653538,0.531504390,0.531504398,1.873679395520,1.522059822455,1.166028682441,0.684328085942,0.138334935726,129,128,failed_audit_uncharged_passthrough,8,5,24,24,8,4,uncharged_diagnostic,oracle_weighted_interval,no_refresh,16,16,16.000000000,1.024378535,63239694.556,False,True
176,1.659653538,0.531504390,0.531504398,1.873679395520,1.522059822455,1.166028682441,0.684328085942,0.138334935726,129,128,failed_audit_uncharged_passthrough,8,5,24,24,8,4,uncharged_diagnostic,oracle_weighted_interval,no_refresh,64,16,16.000000000,1.024378535,63239694.556,False,True
177,1.659653538,0.531504390,0.531504398,1.873679395520,1.522059822455,1.166028682441,0.684328085942,0.138334935726,129,128,failed_audit_uncharged_passthrough,8,5,24,24,8,4,uncharged_diagnostic,oracle_weighted_interval,no_refresh,32,16,16.000000000,1.024378535,63239694.556,False,True
178,1.659653538,0.531390531,0.531390539,1.878562625371,1.526094778938,1.169186720212,0.686260048301,0.138773119241,130,129,failed_audit_uncharged_passthrough,8,5,16,16,8,4,uncharged_diagnostic,oracle_weighted_interval,no_refresh,16,16,16.000000000,1.024378535,63403785.655,True,True
179,1.659653538,0.531390531,0.531390539,1.878562625371,1.526094778938,1.169186720212,0.686260048301,0.138773119241,130,129,failed_audit_uncharged_passthrough,8,5,16,16,8,4,uncharged_diagnostic,oracle_weighted_interval,no_refresh,64,16,16.000000000,1.024378535,63403785.655,True,True
180,1.659653538,0.531390531,0.531390539,1.878562625371,1.526094778938,1.169186720212,0.686260048301,0.138773119241,130,129,failed_audit_uncharged_passthrough,8,5,16,16,8,4,uncharged_diagnostic,oracle_weighted_interval,no_refresh,32,16,16.000000000,1.024378535,63403785.655,True,True
181,1.659653538,0.530397092,0.530397100,1.878785334611,1.526870316078,1.170365182134,0.687638181042,0.139469050138,130,129,failed_audit_uncharged_passthrough,8,5,16,16,8,4,uncharged_diagnostic,oracle_weighted_interval,no_refresh,32,16,16.000000000,1.024378535,63404969.531,False,True
182,1.659653538,0.530397092,0.530397100,1.878785334611,1.526870316078,1.170365182134,0.687638181042,0.139469050138,130,129,failed_audit_uncharged_passthrough,8,5,16,16,8,4,uncharged_diagnostic,oracle_weighted_interval,no_refresh,16,16,16.000000000,1.024378535,63404969.531,False,True
183,1.659653538,0.530397092,0.530397100,1.878785334611,1.526870316078,1.170365182134,0.687638181042,0.139469050138,130,129,failed_audit_uncharged_passthrough,8,5,16,16,8,4,uncharged_diagnostic,oracle_weighted_interval,no_refresh,64,16,16.000000000,1.024378535,63404969.531,False,True
184,1.659653538,0.532498519,0.532498527,2.097773106928,1.703435417747,1.304326007278,0.764728389523,0.154124717221,150,149,failed_audit_uncharged_passthrough,8,5,48,48,10,4,uncharged_diagnostic,oracle_weighted_interval,no_refresh,64,16,16.000000000,1.024249332,70810294.660,True,True
185,1.659653538,0.532498519,0.532498527,2.097773106928,1.703435417747,1.304326007278,0.764728389523,0.154124717221,150,149,failed_audit_uncharged_passthrough,8,5,48,48,10,4,uncharged_diagnostic,oracle_weighted_interval,no_refresh,32,16,16.000000000,1.024249332,70810294.660,True,True
186,1.659653538,0.532498519,0.532498527,2.097773106928,1.703435417747,1.304326007278,0.764728389523,0.154124717221,150,149,failed_audit_uncharged_passthrough,8,5,48,48,10,4,uncharged_diagnostic,oracle_weighted_interval,no_refresh,16,16,16.000000000,1.024249332,70810294.660,True,True
187,1.659653538,0.532498519,0.532498527,2.097817102160,1.703471142787,1.304353362050,0.764744427658,0.154127949554,150,149,failed_audit_uncharged_passthrough,8,5,32,32,10,4,uncharged_diagnostic,oracle_weighted_interval,no_refresh,64,16,16.000000000,1.024359816,70811779.719,True,True
188,1.659653538,0.532498519,0.532498527,2.097817102160,1.703471142787,1.304353362050,0.764744427658,0.154127949554,150,149,failed_audit_uncharged_passthrough,8,5,32,32,10,4,uncharged_diagnostic,oracle_weighted_interval,no_refresh,16,16,16.000000000,1.024359816,70811779.719,True,True
189,1.659653538,0.532498519,0.532498527,2.097817102160,1.703471142787,1.304353362050,0.764744427658,0.154127949554,150,149,failed_audit_uncharged_passthrough,8,5,32,32,10,4,uncharged_diagnostic,oracle_weighted_interval,no_refresh,32,16,16.000000000,1.024359816,70811779.719,True,True
190,1.659653538,0.531505145,0.531505152,2.098030225100,1.704307881301,1.305645858347,0.766267098268,0.154898216033,151,150,failed_audit_uncharged_passthrough,8,5,48,48,10,4,uncharged_diagnostic,oracle_weighted_interval,no_refresh,64,16,16.000000000,1.024249332,70811901.431,False,True
191,1.659653538,0.531505145,0.531505152,2.098030225100,1.704307881301,1.305645858347,0.766267098268,0.154898216033,151,150,failed_audit_uncharged_passthrough,8,5,48,48,10,4,uncharged_diagnostic,oracle_weighted_interval,no_refresh,32,16,16.000000000,1.024249332,70811901.431,False,True
192,1.659653538,0.531505145,0.531505152,2.098030225100,1.704307881301,1.305645858347,0.766267098268,0.154898216033,151,150,failed_audit_uncharged_passthrough,8,5,48,48,10,4,uncharged_diagnostic,oracle_weighted_interval,no_refresh,16,16,16.000000000,1.024249332,70811901.431,False,True
193,1.659653538,0.531505145,0.531505152,2.098030225100,1.704307881301,1.305645858347,0.766267098268,0.154898216033,151,150,failed_audit_uncharged_passthrough,8,5,64,64,10,4,uncharged_diagnostic,oracle_weighted_interval,no_refresh,16,16,16.000000000,1.024249332,70811901.431,False,True
194,1.659653538,0.531505145,0.531505152,2.098030225100,1.704307881301,1.305645858347,0.766267098268,0.154898216033,151,150,failed_audit_uncharged_passthrough,8,5,96,96,10,4,uncharged_diagnostic,oracle_weighted_interval,no_refresh,16,16,16.000000000,1.024249332,70811901.431,False,True
195,1.659653538,0.531505145,0.531505152,2.098030225100,1.704307881301,1.305645858347,0.766267098268,0.154898216033,151,150,failed_audit_uncharged_passthrough,8,5,121,121,10,4,uncharged_diagnostic,oracle_weighted_interval,no_refresh,16,16,16.000000000,1.024249332,70811901.431,False,True
196,1.659653538,0.531505145,0.531505152,2.098030225100,1.704307881301,1.305645858347,0.766267098268,0.154898216033,151,150,failed_audit_uncharged_passthrough,8,5,160,160,10,4,uncharged_diagnostic,oracle_weighted_interval,no_refresh,16,16,16.000000000,1.024249332,70811901.431,False,True
197,1.659653538,0.531505145,0.531505152,2.098074224880,1.704343623952,1.305673240274,0.766283168365,0.154901464526,151,150,failed_audit_uncharged_passthrough,8,5,32,32,10,4,uncharged_diagnostic,oracle_weighted_interval,no_refresh,64,16,16.000000000,1.024359816,70813386.495,False,True
198,1.659653538,0.531505145,0.531505152,2.098074224880,1.704343623952,1.305673240274,0.766283168365,0.154901464526,151,150,failed_audit_uncharged_passthrough,8,5,32,32,10,4,uncharged_diagnostic,oracle_weighted_interval,no_refresh,16,16,16.000000000,1.024359816,70813386.495,False,True
199,1.659653538,0.531505145,0.531505152,2.098074224880,1.704343623952,1.305673240274,0.766283168365,0.154901464526,151,150,failed_audit_uncharged_passthrough,8,5,32,32,10,4,uncharged_diagnostic,oracle_weighted_interval,no_refresh,32,16,16.000000000,1.024359816,70813386.495,False,True
200,1.659653538,0.531505145,0.531505152,2.098074224880,1.704343623952,1.305673240274,0.766283168365,0.154901464526,151,150,failed_audit_uncharged_passthrough,8,5,32,32 32,10,4,uncharged_diagnostic,oracle_weighted_interval,no_refresh,16,16,16.000000000,1.024359816,70813386.495,False,True
201,1.659653538,0.531505145,0.531505152,2.098074224880,1.704343623952,1.305673240274,0.766283168365,0.154901464526,151,150,failed_audit_uncharged_passthrough,8,5,48,32 48,10,4,uncharged_diagnostic,oracle_weighted_interval,no_refresh,16,16,16.000000000,1.024359816,70813386.495,False,True
202,1.659653538,0.531505145,0.531505152,2.098074224880,1.704343623952,1.305673240274,0.766283168365,0.154901464526,151,150,failed_audit_uncharged_passthrough,8,5,64,32 64,10,4,uncharged_diagnostic,oracle_weighted_interval,no_refresh,16,16,16.000000000,1.024359816,70813386.495,False,True
203,1.659653538,0.531505145,0.531505152,2.098074224880,1.704343623952,1.305673240274,0.766283168365,0.154901464526,151,150,failed_audit_uncharged_passthrough,8,5,96,32 96,10,4,uncharged_diagnostic,oracle_weighted_interval,no_refresh,16,16,16.000000000,1.024359816,70813386.495,False,True
204,1.659653538,0.531505145,0.531505152,2.098074224880,1.704343623952,1.305673240274,0.766283168365,0.154901464526,151,150,failed_audit_uncharged_passthrough,8,5,121,32 121,10,4,uncharged_diagnostic,oracle_weighted_interval,no_refresh,16,16,16.000000000,1.024359816,70813386.495,False,True
205,1.659653538,0.531505145,0.531505152,2.098074224880,1.704343623952,1.305673240274,0.766283168365,0.154901464526,151,150,failed_audit_uncharged_passthrough,8,5,160,32 160,10,4,uncharged_diagnostic,oracle_weighted_interval,no_refresh,16,16,16.000000000,1.024359816,70813386.495,False,True
206,1.659653538,0.531505145,0.531505152,2.098074224880,1.704343623952,1.305673240274,0.766283168365,0.154901464526,151,150,failed_audit_uncharged_passthrough,8,5,160,32 48 64 96 121 160,10,4,uncharged_diagnostic,oracle_weighted_interval,no_refresh,16,16,16.000000000,1.024359816,70813386.495,False,True
207,1.659653538,0.531504427,0.531504434,2.098074376378,1.704344226984,1.305674173651,0.766284269472,0.154902022662,151,150,failed_audit_uncharged_passthrough,8,5,24,32 24,10,4,uncharged_diagnostic,oracle_weighted_interval,no_refresh,16,16,16.000000000,1.024359816,70813386.495,False,True
208,1.659653538,0.532497814,0.532497821,2.105380290385,1.709613081860,1.309056728614,0.767502562291,0.154684155033,151,150,failed_audit_uncharged_passthrough,8,5,24,24,10,4,uncharged_diagnostic,oracle_weighted_interval,no_refresh,16,16,16.000000000,1.024378535,71067069.964,True,True
209,1.659653538,0.532497814,0.532497821,2.105380290385,1.709613081860,1.309056728614,0.767502562291,0.154684155033,151,150,failed_audit_uncharged_passthrough,8,5,24,24,10,4,uncharged_diagnostic,oracle_weighted_interval,no_refresh,32,16,16.000000000,1.024378535,71067069.964,True,True
210,1.659653538,0.532497814,0.532497821,2.105380290385,1.709613081860,1.309056728614,0.767502562291,0.154684155033,151,150,failed_audit_uncharged_passthrough,8,5,24,24,10,4,uncharged_diagnostic,oracle_weighted_interval,no_refresh,64,16,16.000000000,1.024378535,71067069.964,True,True
211,1.659653538,0.530397128,0.530397135,2.098307948927,1.705274153265,1.307113919720,0.767983687943,0.155764877044,151,150,failed_audit_uncharged_passthrough,8,5,16,32 16,10,4,uncharged_diagnostic,oracle_weighted_interval,no_refresh,16,16,16.000000000,1.024359816,70813386.495,False,True
212,1.659653538,0.531504428,0.531504435,2.105638171199,1.710488579365,1.310381274670,0.769046807895,0.155460457819,151,150,failed_audit_uncharged_passthrough,8,5,24,24,10,4,uncharged_diagnostic,oracle_weighted_interval,no_refresh,32,16,16.000000000,1.024378535,71068676.749,False,True
213,1.659653538,0.531504428,0.531504435,2.105638171199,1.710488579365,1.310381274670,0.769046807895,0.155460457819,151,150,failed_audit_uncharged_passthrough,8,5,24,24,10,4,uncharged_diagnostic,oracle_weighted_interval,no_refresh,64,16,16.000000000,1.024378535,71068676.749,False,True
214,1.659653538,0.531504428,0.531504435,2.105638171199,1.710488579365,1.310381274670,0.769046807895,0.155460457819,151,150,failed_audit_uncharged_passthrough,8,5,24,24,10,4,uncharged_diagnostic,oracle_weighted_interval,no_refresh,16,16,16.000000000,1.024378535,71068676.749,False,True
215,1.659653538,0.531504443,0.531505082,2.111686057652,1.715401019813,1.314144151009,0.771254635811,0.155906422925,152,151,failed_audit_uncharged_passthrough,8,5,160,16 24 32 48 64 96 121 160,10,4,uncharged_diagnostic,oracle_weighted_interval,no_refresh,16,16,16.000000000,1.024378535,71272807.288,False,True
216,1.659653538,0.531390569,0.531390577,2.111667495667,1.715463004896,1.314267329630,0.771415781439,0.155992893573,152,151,failed_audit_uncharged_passthrough,8,5,16,16,10,4,uncharged_diagnostic,oracle_weighted_interval,no_refresh,16,16,16.000000000,1.024378535,71271360.328,True,True
217,1.659653538,0.531390569,0.531390577,2.111667495667,1.715463004896,1.314267329630,0.771415781439,0.155992893573,152,151,failed_audit_uncharged_passthrough,8,5,16,16,10,4,uncharged_diagnostic,oracle_weighted_interval,no_refresh,32,16,16.000000000,1.024378535,71271360.328,True,True
218,1.659653538,0.531390569,0.531390577,2.111667495667,1.715463004896,1.314267329630,0.771415781439,0.155992893573,152,151,failed_audit_uncharged_passthrough,8,5,16,16,10,4,uncharged_diagnostic,oracle_weighted_interval,no_refresh,64,16,16.000000000,1.024378535,71271360.328,True,True
219,1.659653538,0.530397130,0.530397137,2.111921282800,1.716337573803,1.315594167768,0.772966182407,0.156775435947,152,151,failed_audit_uncharged_passthrough,8,5,16,16,10,4,uncharged_diagnostic,oracle_weighted_interval,no_refresh,16,16,16.000000000,1.024378535,71272807.288,False,True
220,1.659653538,0.530397130,0.530397137,2.111921282800,1.716337573803,1.315594167768,0.772966182407,0.156775435947,152,151,failed_audit_uncharged_passthrough,8,5,16,16,10,4,uncharged_diagnostic,oracle_weighted_interval,no_refresh,32,16,16.000000000,1.024378535,71272807.288,False,True
221,1.659653538,0.530397130,0.530397137,2.111921282800,1.716337573803,1.315594167768,0.772966182407,0.156775435947,152,151,failed_audit_uncharged_passthrough,8,5,16,16,10,4,uncharged_diagnostic,oracle_weighted_interval,no_refresh,64,16,16.000000000,1.024378535,71272807.288,False,True
222,1.632301391,0.523280657,0.523280664,2.113615900923,1.722514101922,1.325059931761,0.784117388208,0.162487345395,154,153,failed_audit_uncharged_passthrough,8,5,16,16,10,4,uncharged_diagnostic,oracle_weighted_interval,no_refresh,16,8,8.000000000,1.020880867,35639492.304,False,True
223,1.612591553,0.517035125,0.517035132,2.115231059005,1.728056350633,1.333502783142,0.794083309013,0.167681127453,156,155,failed_audit_uncharged_passthrough,8,5,16,16,10,4,uncharged_diagnostic,oracle_weighted_interval,no_refresh,8,16,4.812499996,1.015865138,21442299.258,False,True
224,1.591843549,0.511967473,0.511967480,2.116313485310,1.732378784840,1.340247481509,0.802175461654,0.171998288642,158,157,failed_audit_uncharged_passthrough,8,5,16,16,10,4,uncharged_diagnostic,oracle_weighted_interval,no_refresh,8,4,4.000000000,1.015789991,17822210.262,False,True
225,1.564123137,0.505067818,0.505067825,2.117802906273,1.738293067206,1.349494252364,0.813330773841,0.178056263764,160,159,failed_audit_uncharged_passthrough,8,5,16,16,10,4,uncharged_diagnostic,oracle_weighted_interval,no_refresh,8,3,3.000000000,1.015458182,13366791.916,False,True
226,1.514406421,0.491920837,0.491920843,2.120817729660,1.749760978774,1.367401021690,0.835084309286,0.190210727442,164,163,failed_audit_uncharged_passthrough,8,5,16,16,10,4,uncharged_diagnostic,oracle_weighted_interval,no_refresh,8,2,2.000000000,1.012306773,8912097.047,False,True
227,1.424165797,0.466097342,0.466097347,2.126660589999,1.772427447471,1.403201781524,0.879475034762,0.216538361478,173,172,failed_audit_uncharged_passthrough,8,5,16,16,10,4,uncharged_diagnostic,oracle_weighted_interval,no_refresh,4,16,1.234375000,1.008714032,4735292.271,False,True
228,1.379960643,0.448600064,0.448600069,2.131886840588,1.789005382723,1.428828974627,0.911417812237,0.236554015572,180,179,failed_audit_uncharged_passthrough,8,5,16,16,10,4,uncharged_diagnostic,oracle_weighted_interval,no_refresh,0,1,1.000000000,1.000000000,4459851.808,False,False
229,1.379960643,0.448600064,0.448600069,2.131886840588,1.789005382723,1.428828974627,0.911417812237,0.236554015572,180,179,failed_audit_uncharged_passthrough,8,5,16,16,10,4,uncharged_diagnostic,oracle_weighted_interval,no_refresh,1,2,1.000000000,1.000000000,4459851.808,False,False
230,1.379960643,0.448600064,0.448600069,2.131886840588,1.789005382723,1.428828974627,0.911417812237,0.236554015572,180,179,failed_audit_uncharged_passthrough,8,5,16,16,10,4,uncharged_diagnostic,oracle_weighted_interval,no_refresh,2,2,1.000000000,1.000000000,4459851.808,False,False
231,0.926525460,0.409833386,0.409833389,2.137659838293,1.821295856671,1.483212782475,0.983669984764,0.286937908218,196,195,failed_audit_uncharged_passthrough,8,4,16,16,10,4,uncharged_diagnostic,oracle_weighted_interval,no_refresh,16,16,16.000000000,1.015002662,71272827.286,False,True
232,0.000000000,0.000000000,0.000000000,2.244639383021,2.244639383021,2.244639383021,2.244639383021,2.244639383021,,,frontier_below_0_1,8,1,16,16,10,3,implicit_selector,left_to_right,no_refresh,0,1,1.000000000,1.000000000,5985705.021,False,False
233,0.000000000,0.000000000,0.000000000,2.244639383021,2.244639383021,2.244639383021,2.244639383021,2.244639383021,,,frontier_below_0_1,8,1,16,16,10,3,implicit_selector,greedy_largest_gain,no_refresh,0,1,1.000000000,1.000000000,5985705.021,False,False
234,0.491812791,-6.202484708,-6.202484701,4.291874357435,44.864147710877,909.145293789473,373337.006539183145,25852603107151.996093750000,,,frontier_below_0_1,8,5,96,96,10,16,explicit_flag,greedy_largest_gain,no_refresh,16,16,16.000000000,1.024249332,183286572418310537216.000,True,True
235,0.491812791,-6.215351314,-6.215351314,4.336466162954,45.544954037121,928.548864401177,385952.406618862937,27715372740095.218750000000,,,frontier_below_0_1,8,5,96,96,10,16,explicit_flag,left_to_right,no_refresh,16,16,16.000000000,1.024249332,196469202418330763264.000,True,True
236,0.692870629,-12.379784169,-12.379784142,7.998448327706,758.307387034940,259570.274531066592,30414052827.192756652832,48925166744341634518876160.000000000000,,,frontier_below_0_1,8,5,48,48,10,8,explicit_flag,greedy_largest_gain,no_refresh,16,16,16.000000000,1.027557098,619172388781252884108514126987264.000,True,True
237,0.692870629,-12.434769042,-12.434769042,8.111346760905,783.822310161015,274947.152951107011,33830813371.792522430420,63023435943269148328460288.000000000000,,,frontier_below_0_1,8,5,48,48,10,8,explicit_flag,left_to_right,no_refresh,16,16,16.000000000,1.027557098,797202963842519764847486010654720.000,True,True
238,0.761702662,-24.731886044,-24.731885967,25.378795569651,140473.068739826675,8840310291.779766082764,35011957011787427840.000000000000,2175018822443272879960150099547441750065798971392.000000000000,,,frontier_below_0_1,8,5,16,16,10,4,explicit_flag,greedy_largest_gain,no_refresh,16,16,16.000000000,1.024378535,44640134678711949657310709707273687422893058309287313408.000,False,True
239,0.635738134,-24.776714306,-24.736368790,27.080444400616,149891.791247661167,9433053301.300228118896,37359509539176120320.000000000000,2320853884791428213603033809575735486447725051904.000000000000,,,frontier_below_0_1,8,5,16,16,10,3->4,explicit_flag,greedy_largest_gain,no_refresh,16,16,16.000000000,1.024378535,47633256741346336898789263100824282966818720394967515136.000,False,True
240,0.761702662,-24.912018832,-24.912018832,25.853333809167,151384.505292685179,10239831274.470155715942,46850642392055275520.000000000000,4487286495002712588906637451160330636128021381120.000000000000,,,frontier_below_0_1,8,5,16,16,10,4,explicit_flag,left_to_right,no_refresh,16,16,16.000000000,1.024378535,91964356469955864353045541789738712286637217958405865472.000,False,True
241,0.635738134,-24.944047500,-24.915221698,27.583960381711,161518.209884316748,10925287325.622861862183,49986832380663054336.000000000000,4787666217950319945773022489291256774937009979392.000000000000,,,frontier_below_0_1,8,5,16,16,10,3->4,explicit_flag,left_to_right,no_refresh,16,16,16.000000000,1.024378535,98120466169718544025814687168387879642551358757638504448.000,False,True
242,0.635738134,-33.095161927,-33.095161849,51.802119332896,3603097.390403581318,5818210476887.982421875000,15171072434058827889901568.000000000000,268965665055617399504679274058456407184398407257229620896858112.000000000000,,,frontier_below_0_1,8,5,16,16,10,3,explicit_flag,greedy_largest_gain,no_refresh,16,16,16.000000000,1.024378535,6466727389106732557070689700798559780893380204443403388913176985731072.000,False,True
243,0.635738134,-33.273650667,-33.273650667,52.716424227206,3863433.290045393165,6670956784075.685546875000,19889210594803855990456320.000000000000,527115519991665427785603147352650802674721756162805264298278912.000000000000,,,frontier_below_0_1,8,5,16,16,10,3,explicit_flag,left_to_right,no_refresh,16,16,16.000000000,1.024378535,12656437754476849682510409381579737726900384840244063030544056503500800.000,False,True
244,1.041380065,0.042971529,0.056254944,2.200531159708,nan,nan,nan,nan,,,frontier_below_0_1,8,5,96,96,10,none,records_only,greedy_largest_gain,permutation_plus_neutral_swaps,16,16,16.000000000,1.027510014,16000000.000,True,True
245,1.041380065,0.042791561,0.056236124,2.200535302809,nan,nan,nan,nan,,,frontier_below_0_1,8,5,96,96,10,none,records_only,greedy_largest_gain,deterministic_entry_permutation,16,16,16.000000000,1.027510014,16000000.000,True,True
246,0.715741853,0.030988908,0.038593056,2.218698863308,nan,nan,nan,nan,,,frontier_below_0_1,8,3,48,48,10,none,records_only,greedy_largest_gain,permutation_plus_neutral_swaps,16,16,16.000000000,1.008692374,16000000.000,True,True
247,0.715741853,0.030812557,0.038574766,2.218702922583,nan,nan,nan,nan,,,frontier_below_0_1,8,3,48,48,10,none,records_only,greedy_largest_gain,deterministic_entry_permutation,16,16,16.000000000,1.008692374,16000000.000,True,True
248,0.579030365,0.024383771,0.030585064,2.225185615375,nan,nan,nan,nan,,,frontier_below_0_1,8,2,32,32,10,none,records_only,greedy_largest_gain,permutation_plus_neutral_swaps,16,16,16.000000000,1.002930646,16000000.000,True,True
249,0.579030365,0.024208250,0.030566954,2.225189646000,nan,nan,nan,nan,,,frontier_below_0_1,8,2,32,32,10,none,records_only,greedy_largest_gain,deterministic_entry_permutation,16,16,16.000000000,1.002930646,16000000.000,True,True
250,1.041380065,0.016653860,0.021901517,2.228347334227,nan,nan,nan,nan,,,frontier_below_0_1,8,5,96,96,10,none,records_only,left_to_right,permutation_plus_neutral_swaps,16,16,16.000000000,1.027510014,16000000.000,True,True
251,1.041380065,0.016531847,0.021883458,2.228351359043,nan,nan,nan,nan,,,frontier_below_0_1,8,5,96,96,10,none,records_only,left_to_right,deterministic_entry_permutation,16,16,16.000000000,1.027510014,16000000.000,True,True
252,0.715741853,0.014179525,0.019154124,2.232146868815,nan,nan,nan,nan,,,frontier_below_0_1,8,3,48,48,10,none,records_only,left_to_right,permutation_plus_neutral_swaps,16,16,16.000000000,1.008692374,16000000.000,True,True
253,0.715741853,0.014166265,0.019136184,2.232150873896,nan,nan,nan,nan,,,frontier_below_0_1,8,3,48,48,10,none,records_only,left_to_right,deterministic_entry_permutation,16,16,16.000000000,1.008692374,16000000.000,True,True
254,0.579030365,0.012020900,0.016902782,2.234224875711,nan,nan,nan,nan,,,frontier_below_0_1,8,2,32,32,10,none,records_only,left_to_right,permutation_plus_neutral_swaps,16,16,16.000000000,1.002930646,16000000.000,True,True
255,0.579030365,0.012018558,0.016884901,2.234228871210,nan,nan,nan,nan,,,frontier_below_0_1,8,2,32,32,10,none,records_only,left_to_right,deterministic_entry_permutation,16,16,16.000000000,1.002930646,16000000.000,True,True
256,1.041380065,0.000000000,0.006127542,2.231865033436,nan,nan,nan,nan,,,frontier_below_0_1,8,5,96,96,10,none,records_only,left_to_right,no_refresh,16,16,16.000000000,1.027510014,16000000.000,True,True
257,1.041380065,0.000000000,0.008594337,2.211046530171,nan,nan,nan,nan,,,frontier_below_0_1,8,5,96,96,10,none,records_only,greedy_largest_gain,no_refresh,16,16,16.000000000,1.027510014,16000000.000,True,True
258,1.041380065,0.000000000,0.006161034,2.231857558522,nan,nan,nan,nan,,,frontier_below_0_1,8,5,96,96,10,none,records_only,left_to_right,equal_size_neutral_refresh,16,16,16.000000000,1.027510014,16000000.000,True,True
259,1.041380065,0.000000000,0.008658530,2.211032336549,nan,nan,nan,nan,,,frontier_below_0_1,8,5,96,96,10,none,records_only,greedy_largest_gain,equal_size_neutral_refresh,16,16,16.000000000,1.027510014,16000000.000,True,True
260,0.715741853,0.000000000,0.005889554,2.235109525296,nan,nan,nan,nan,,,frontier_below_0_1,8,3,48,48,10,none,records_only,left_to_right,no_refresh,16,16,16.000000000,1.008692374,16000000.000,True,True
261,0.715741853,0.000000000,0.007501379,2.225608737763,nan,nan,nan,nan,,,frontier_below_0_1,8,3,48,48,10,none,records_only,greedy_largest_gain,no_refresh,16,16,16.000000000,1.008692374,16000000.000,True,True
262,0.715741853,0.000000000,0.005919107,2.235102919678,nan,nan,nan,nan,,,frontier_below_0_1,8,3,48,48,10,none,records_only,left_to_right,equal_size_neutral_refresh,16,16,16.000000000,1.008692374,16000000.000,True,True
263,0.579030365,0.000000000,0.005678035,2.236733927275,nan,nan,nan,nan,,,frontier_below_0_1,8,2,32,32,10,none,records_only,left_to_right,no_refresh,16,16,16.000000000,1.002930646,16000000.000,True,True
264,0.579030365,0.000000000,0.006870400,2.230469157702,nan,nan,nan,nan,,,frontier_below_0_1,8,2,32,32,10,none,records_only,greedy_largest_gain,no_refresh,16,16,16.000000000,1.002930646,16000000.000,True,True
265,0.579030365,0.000000000,0.005705095,2.236727874561,nan,nan,nan,nan,,,frontier_below_0_1,8,2,32,32,10,none,records_only,left_to_right,equal_size_neutral_refresh,16,16,16.000000000,1.002930646,16000000.000,True,True
266,0.579030365,0.000000000,0.006907149,2.230460960943,nan,nan,nan,nan,,,frontier_below_0_1,8,2,32,32,10,none,records_only,greedy_largest_gain,equal_size_neutral_refresh,16,16,16.000000000,1.002930646,16000000.000,True,True
267,0.244900465,0.000000000,0.004488250,2.243052635968,nan,nan,nan,nan,,,frontier_below_0_1,8,1,24,24,10,none,records_only,left_to_right,no_refresh,16,16,16.000000000,1.000000000,16000000.000,True,True
268,0.244900465,0.000000000,0.004488250,2.243052635968,nan,nan,nan,nan,,,frontier_below_0_1,8,1,24,24,10,none,records_only,greedy_largest_gain,no_refresh,16,16,16.000000000,1.000000000,16000000.000,True,True
269,0.244900465,0.000000000,0.004505903,2.243048676297,nan,nan,nan,nan,,,frontier_below_0_1,8,1,24,24,10,none,records_only,left_to_right,equal_size_neutral_refresh,16,16,16.000000000,1.000000000,16000000.000,True,True
270,0.244900465,0.000000000,0.004505903,2.243048676297,nan,nan,nan,nan,,,frontier_below_0_1,8,1,24,24,10,none,records_only,greedy_largest_gain,equal_size_neutral_refresh,16,16,16.000000000,1.000000000,16000000.000,True,True
271,0.715741853,-0.000000000,0.007545906,2.225598827637,nan,nan,nan,nan,,,frontier_below_0_1,8,3,48,48,10,none,records_only,greedy_largest_gain,equal_size_neutral_refresh,16,16,16.000000000,1.008692374,16000000.000,True,True
272,0.244900465,-0.000016718,0.004471532,2.243056760968,nan,nan,nan,nan,,,frontier_below_0_1,8,1,24,24,10,none,records_only,left_to_right,deterministic_entry_permutation,16,16,16.000000000,1.000000000,16000000.000,True,True
273,0.244900465,-0.000016718,0.004471532,2.243056760968,nan,nan,nan,nan,,,frontier_below_0_1,8,1,24,24,10,none,records_only,greedy_largest_gain,deterministic_entry_permutation,16,16,16.000000000,1.000000000,16000000.000,True,True
274,0.244900465,-0.000016718,0.004489185,2.243052801297,nan,nan,nan,nan,,,frontier_below_0_1,8,1,24,24,10,none,records_only,left_to_right,permutation_plus_neutral_swaps,16,16,16.000000000,1.000000000,16000000.000,True,True
275,0.244900465,-0.000016718,0.004489185,2.243052801297,nan,nan,nan,nan,,,frontier_below_0_1,8,1,24,24,10,none,records_only,greedy_largest_gain,permutation_plus_neutral_swaps,16,16,16.000000000,1.000000000,16000000.000,True,True
276,0.000000000,0.000000000,0.000000000,2.244639383021,2.244639383021,2.244639383021,2.244639383021,2.244639383021,,,frontier_below_0_1,8,1,16,16,10,3,implicit_selector,oracle_weighted_interval,no_refresh,0,1,1.000000000,1.000000000,5985705.021,False,False
277,0.491812791,-6.202465025,-6.202465017,4.291620713449,44.861172024675,909.076568659369,373301.865852265735,25848732397714.433593750000,,,frontier_below_0_1,8,5,96,96,10,16,explicit_flag,oracle_weighted_interval,no_refresh,16,16,16.000000000,1.024249332,183259164309531951104.000,True,True
278,0.692870629,-12.379606424,-12.379606396,7.997863954546,758.205213544631,259514.776389261038,30402741026.175247192383,48883769506192351895224320.000000000000,,,frontier_below_0_1,8,5,48,48,10,8,explicit_flag,oracle_weighted_interval,no_refresh,16,16,16.000000000,1.027557098,618649464571991763155185244831744.000,True,True
279,0.761702662,-24.731037125,-24.731037047,25.376354448184,140422.279288932827,8834107237.540119171143,34963585620323573760.000000000000,2167583603494056811461480791888468158359099408384.000000000000,,,frontier_below_0_1,8,5,16,16,10,4,explicit_flag,oracle_weighted_interval,no_refresh,16,16,16.000000000,1.024378535,44487836862127643481843502093569737398268047642849181696.000,False,True
280,0.635738134,-24.775879473,-24.735521278,27.077842724964,149837.613644636120,9426435419.341140747070,37307899147753414656.000000000000,2312920401003542055871799047412405199138149367808.000000000000,,,frontier_below_0_1,8,5,16,16,10,3->4,explicit_flag,oracle_weighted_interval,no_refresh,16,16,16.000000000,1.024378535,47470752827741881495114183332496092438875363843170631680.000,False,True
281,0.635738134,-33.094271438,-33.094271360,51.797196361166,3601815.010153460782,5814194353543.433593750000,15150460303501155316531200.000000000000,268061643706727940910795303996705564180202143235020392482471936.000000000000,,,frontier_below_0_1,8,5,16,16,10,3,explicit_flag,oracle_weighted_interval,no_refresh,16,16,16.000000000,1.024378535,6445035172494543357643098209665324706377720595623360148725362501615616.000,False,True
282,1.041380065,0.043057845,0.056371920,2.200379435713,nan,nan,nan,nan,,,frontier_below_0_1,8,5,96,96,10,none,records_only,oracle_weighted_interval,permutation_plus_neutral_swaps,16,16,16.000000000,1.027510014,16000000.000,True,True
283,1.041380065,0.042877865,0.056353098,2.200383579050,nan,nan,nan,nan,,,frontier_below_0_1,8,5,96,96,10,none,records_only,oracle_weighted_interval,deterministic_entry_permutation,16,16,16.000000000,1.027510014,16000000.000,True,True
284,0.715741853,0.031049228,0.038665523,2.218619088150,nan,nan,nan,nan,,,frontier_below_0_1,8,3,48,48,10,none,records_only,oracle_weighted_interval,permutation_plus_neutral_swaps,16,16,16.000000000,1.008692374,16000000.000,True,True
285,0.715741853,0.030872873,0.038647232,2.218623147569,nan,nan,nan,nan,,,frontier_below_0_1,8,3,48,48,10,none,records_only,oracle_weighted_interval,deterministic_entry_permutation,16,16,16.000000000,1.008692374,16000000.000,True,True
286,0.579030365,0.024435644,0.030645238,2.225119287136,nan,nan,nan,nan,,,frontier_below_0_1,8,2,32,32,10,none,records_only,oracle_weighted_interval,permutation_plus_neutral_swaps,16,16,16.000000000,1.002930646,16000000.000,True,True
287,0.579030365,0.024260119,0.030627128,2.225123317886,nan,nan,nan,nan,,,frontier_below_0_1,8,2,32,32,10,none,records_only,oracle_weighted_interval,deterministic_entry_permutation,16,16,16.000000000,1.002930646,16000000.000,True,True
288,1.041380065,0.000000000,0.008602237,2.210918210078,nan,nan,nan,nan,,,frontier_below_0_1,8,5,96,96,10,none,records_only,oracle_weighted_interval,no_refresh,16,16,16.000000000,1.027510014,16000000.000,True,True
289,1.041380065,0.000000000,0.008666445,2.210904014064,nan,nan,nan,nan,,,frontier_below_0_1,8,5,96,96,10,none,records_only,oracle_weighted_interval,equal_size_neutral_refresh,16,16,16.000000000,1.027510014,16000000.000,True,True
290,0.715741853,0.000000000,0.007507106,2.225543572555,nan,nan,nan,nan,,,frontier_below_0_1,8,3,48,48,10,none,records_only,oracle_weighted_interval,no_refresh,16,16,16.000000000,1.008692374,16000000.000,True,True
291,0.715741853,0.000000000,0.007551637,2.225533661838,nan,nan,nan,nan,,,frontier_below_0_1,8,3,48,48,10,none,records_only,oracle_weighted_interval,equal_size_neutral_refresh,16,16,16.000000000,1.008692374,16000000.000,True,True
292,0.579030365,0.000000000,0.006875399,2.230414981594,nan,nan,nan,nan,,,frontier_below_0_1,8,2,32,32,10,none,records_only,oracle_weighted_interval,no_refresh,16,16,16.000000000,1.002930646,16000000.000,True,True
293,0.579030365,0.000000000,0.006912151,2.230406784412,nan,nan,nan,nan,,,frontier_below_0_1,8,2,32,32,10,none,records_only,oracle_weighted_interval,equal_size_neutral_refresh,16,16,16.000000000,1.002930646,16000000.000,True,True
294,0.244900465,0.000000000,0.004488250,2.243052635968,nan,nan,nan,nan,,,frontier_below_0_1,8,1,24,24,10,none,records_only,oracle_weighted_interval,no_refresh,16,16,16.000000000,1.000000000,16000000.000,True,True
295,0.244900465,0.000000000,0.004505903,2.243048676297,nan,nan,nan,nan,,,frontier_below_0_1,8,1,24,24,10,none,records_only,oracle_weighted_interval,equal_size_neutral_refresh,16,16,16.000000000,1.000000000,16000000.000,True,True
296,0.244900465,-0.000016718,0.004471532,2.243056760968,nan,nan,nan,nan,,,frontier_below_0_1,8,1,24,24,10,none,records_only,oracle_weighted_interval,deterministic_entry_permutation,16,16,16.000000000,1.000000000,16000000.000,True,True
297,0.244900465,-0.000016718,0.004489185,2.243052801297,nan,nan,nan,nan,,,frontier_below_0_1,8,1,24,24,10,none,records_only,oracle_weighted_interval,permutation_plus_neutral_swaps,16,16,16.000000000,1.000000000,16000000.000,True,True
